<?xml version="1.0" encoding="UTF-8" ?>
<!DOCTYPE mapper PUBLIC "-//mybatis.org//DTD Mapper 3.0//EN" 
	"http://mybatis.org/dtd/mybatis-3-mapper.dtd">
<mapper namespace="com.ssafy.happy.model.repo.HouseRepo">
	
	<select id="select" parameterType="int" resultType="House">
		SELECT *
		FROM houseinfo left join housedeal on houseinfo.aptCode = housedeal.aptCode
		WHERE no=#{no}
	</select>
	
	<select id="selectGugun" parameterType="string" resultType="House">
		SELECT *
		FROM houseinfo left join housedeal on houseinfo.aptCode = housedeal.aptCode
		WHERE dongcode like concat(left(#{guGun},5), '%')
	
	</select>
	
	<select id="selectDong" parameterType="string" resultType="House">
		SELECT *
		FROM houseinfo left join housedeal on houseinfo.aptCode = housedeal.aptCode
		WHERE dongcode=#{dong}
	</select>
	
	<select id="selectApt" parameterType="string" resultType="House">
		SELECT *
		FROM houseinfo left join housedeal on houseinfo.aptCode = housedeal.aptCode
		WHERE aptName like concat('%', #{aptName}, '%')
	</select>

</mapper>