<?xml version="1.0" encoding="UTF-8" ?>
<!DOCTYPE mapper PUBLIC "-//mybatis.org//DTD Mapper 3.0//EN" 
	"http://mybatis.org/dtd/mybatis-3-mapper.dtd">
<mapper namespace="com.ssafy.happy.model.repo.NoticeRepo">

	<insert id="insert" parameterType="Notice">
		INSERT INTO notice (userid, title, content, regtime)
		VALUES(#{userId}, #{title}, #{content}, now())
	</insert>
	
	<delete id="delete" parameterType="int">
		DELETE FROM notice
		WHERE no = #{no}
	</delete>
	
	<update id="update" parameterType="Notice">
		UPDATE notice
		SET title = #{title} , content = #{content}
		WHERE no = #{no}
	</update>
	
	<select id="select" parameterType="int" resultType="Notice">
		SELECT *
		FROM notice WHERE no = #{no}
	</select>
	
	<select id="selectAll" resultType="Notice">
		SELECT *
		FROM notice
	</select>

</mapper>